{
    "metadata": {
        "saved_at": "2025-10-13T13:11:26.646284"
    },
    "settings": {
        "Ru": 54.69297,
        "geometrical_area": 0.07069,
        "reference_potential": 0.964
    }
}